Workbook

Sheet Лист1
A1: макс. показ. | B1: сумма
A2: 0 | B2: =2^(A2+1)-1 -> 1
A3: =A2+1 -> 1 | B3: =2^(A3+1)-1 -> 3
A4: =A3+1 -> 2 | B4: =2^(A4+1)-1 -> 7
A5: =A4+1 -> 3 | B5: =2^(A5+1)-1 -> 15
A6: =A5+1 -> 4 | B6: =2^(A6+1)-1 -> 31
A7: =A6+1 -> 5 | B7: =2^(A7+1)-1 -> 63
A8: =A7+1 -> 6 | B8: =2^(A8+1)-1 -> 127
A9: =A8+1 -> 7 | B9: =2^(A9+1)-1 -> 255
A10: =A9+1 -> 8 | B10: =2^(A10+1)-1 -> 511
A11: =A10+1 -> 9 | B11: =2^(A11+1)-1 -> 1023
A12: =A11+1 -> 10 | B12: =2^(A12+1)-1 -> 2047
A13: =A12+1 -> 11 | B13: =2^(A13+1)-1 -> 4095
A14: =A13+1 -> 12 | B14: =2^(A14+1)-1 -> 8191
... A25: =A24+1 -> 23 | B25: =2^(A25+1)-1 -> 16777215

Sheet Лист2
A1: макс. показ | B1: сумма
A2: 0 | B2: =(3^(A2+1)-1)/2 -> 1
A3: =A2+1 -> 1 | B3: =(3^(A3+1)-1)/2 -> 4
A4: =A3+1 -> 2 | B4: =(3^(A4+1)-1)/2 -> 13
A5: =A4+1 -> 3 | B5: =(3^(A5+1)-1)/2 -> 40
A6: =A5+1 -> 4 | B6: =(3^(A6+1)-1)/2 -> 121
A7: =A6+1 -> 5 | B7: =(3^(A7+1)-1)/2 -> 364
A8: =A7+1 -> 6 | B8: =(3^(A8+1)-1)/2 -> 1093
A9: =A8+1 -> 7 | B9: =(3^(A9+1)-1)/2 -> 3280
A10: =A9+1 -> 8 | B10: =(3^(A10+1)-1)/2 -> 9841
A11: =A10+1 -> 9 | B11: =(3^(A11+1)-1)/2 -> 29524
A12: =A11+1 -> 10 | B12: =(3^(A12+1)-1)/2 -> 88573
A13: =A12+1 -> 11 | B13: =(3^(A13+1)-1)/2 -> 265720
A14: =A13+1 -> 12 | B14: =(3^(A14+1)-1)/2 -> 797161
... A24: =A23+1 -> 22 | B24: =(3^(A24+1)-1)/2 -> 47071589413
A25: =A24+1 -> 23

Sheet Лист4
A1: статистическая функция | B1: для A(лист3) | C1: для B(лист3) | D1: для D(лист3)
B2: =AVERAGE('Лист3'!A2:A25) -> 11.5 | C2: =AVERAGE('Лист3'!B2:B25) -> 1398100.2 | D2: =AVERAGE('Лист3'!C2:C25) -> 8.825923e+09
A3: максимальное значение | B3: =MAX('Лист3'!A2:A25) -> 23 | C3: =MAX('Лист3'!B2:B25) -> 16777215 | D3: =MAX('Лист3'!C2:C25) -> 141214768240
A4: минимальное значение | B4: =MIN('Лист3'!A2:A25) -> 0 | C4: =MIN('Лист3'!B2:B25) -> 1 | D4: =MIN('Лист3'!C2:C25) -> 1
A5: медиана | B5: =MEDIAN('Лист3'!A2:A25) -> 11.5 | C5: =MEDIAN('Лист3'!B2:B25) -> 6143 | D5: =MEDIAN('Лист3'!C2:C25) -> 531440.5
A6: мода | B6: =MODE('Лист3'!A2:A25) -> #N/A | C6: =MODE('Лист3'!B2:B25) -> #N/A | D6: =MODE('Лист3'!C2:C25) -> #N/A
A7: дисперсия | B7: =VAR('Лист3'!A2:A25) -> 50 | C7: =VAR('Лист3'!B2:B25) -> 1.4277716e+13 | D7: =VAR('Лист3'!C2:C25) -> 8.9412114e+20

Sheet Лист3
A1: макс.показ | B1: сумма для 2 | C1: сумма для3
A2: 0 | B2: =2^(A2+1)-1 -> 1 | C2: =(3^(A2+1)-1)/2 -> 1
A3: =A2+1 -> 1 | B3: =2^(A3+1)-1 -> 3 | C3: =(3^(A3+1)-1)/2 -> 4
A4: =A3+1 -> 2 | B4: =2^(A4+1)-1 -> 7 | C4: =(3^(A4+1)-1)/2 -> 13
A5: =A4+1 -> 3 | B5: =2^(A5+1)-1 -> 15 | C5: =(3^(A5+1)-1)/2 -> 40
A6: =A5+1 -> 4 | B6: =2^(A6+1)-1 -> 31 | C6: =(3^(A6+1)-1)/2 -> 121
A7: =A6+1 -> 5 | B7: =2^(A7+1)-1 -> 63 | C7: =(3^(A7+1)-1)/2 -> 364
A8: =A7+1 -> 6 | B8: =2^(A8+1)-1 -> 127 | C8: =(3^(A8+1)-1)/2 -> 1093
A9: =A8+1 -> 7 | B9: =2^(A9+1)-1 -> 255 | C9: =(3^(A9+1)-1)/2 -> 3280
A10: =A9+1 -> 8 | B10: =2^(A10+1)-1 -> 511 | C10: =(3^(A10+1)-1)/2 -> 9841
A11: =A10+1 -> 9 | B11: =2^(A11+1)-1 -> 1023 | C11: =(3^(A11+1)-1)/2 -> 29524
A12: =A11+1 -> 10 | B12: =2^(A12+1)-1 -> 2047 | C12: =(3^(A12+1)-1)/2 -> 88573
A13: =A12+1 -> 11 | B13: =2^(A13+1)-1 -> 4095 | C13: =(3^(A13+1)-1)/2 -> 265720
A14: =A13+1 -> 12 | B14: =2^(A14+1)-1 -> 8191 | C14: =(3^(A14+1)-1)/2 -> 797161
... A25: =A24+1 -> 23 | B25: =2^(A25+1)-1 -> 16777215 | C25: =(3^(A25+1)-1)/2 -> 141214768240

Sheet Лист5
B1: 2021 | C1: 2022 | D1: 2023 | E1: 2024 | F1: 2025 | G1: 2026 | H1: 2027
A2: коледж1 | B2: =1510000 -> 1510000 | C2: =B2*(1+RAND()) -> 2897544.1 | D2: =C2*(1+RAND()) -> 3108648.5 | E2: =D2*(1+RAND()) -> 4311392.1 | F2: =E2*(1+RAND()) -> 5244296.5 | G2: =F2*(1+RAND()) -> 5526420.9 | H2: =G2*(1+RAND()) -> 10519221
A3: коледж2 | B3: 237800 | C3: =B3*(1+RAND()) -> 426196.64 | D3: =C3*(1+RAND()) -> 835757.86 | E3: =D3*(1+RAND()) -> 1279085.3 | F3: =E3*(1+RAND()) -> 1544083.7 | G3: =F3*(1+RAND()) -> 1829318.6 | H3: =G3*(1+RAND()) -> 2467072.8
A4: коледж3 | B4: 3211400 | C4: =B4*(1+RAND()) -> 3945526.6 | D4: =C4*(1+RAND()) -> 4642723.5 | E4: =D4*(1+RAND()) -> 8101890.4 | F4: =E4*(1+RAND()) -> 12245583 | G4: =F4*(1+RAND()) -> 20960938 | H4: =G4*(1+RAND()) -> 26648678
A5: коледж 4 | B5: 4961201 | C5: =B5*(1+RAND()) -> 9424509.3 | D5: =C5*(1+RAND()) -> 13249455 | E5: =D5*(1+RAND()) -> 23243849 | F5: =E5*(1+RAND()) -> 45152435 | G5: =F5*(1+RAND()) -> 49242438 | H5: =G5*(1+RAND()) -> 75859042
